year,county_fips,county_name,avg_annual_pay,avg_annual_weekly_wage,avg_monthly_rent
2020,37001,"Alamance County, North Carolina","45,943",884,999.0447005816359
2020,37003,"Alexander County, North Carolina","37,460",720,
2020,37005,"Alleghany County, North Carolina","35,230",678,
2020,37007,"Anson County, North Carolina","38,421",739,
2020,37009,"Ashe County, North Carolina","38,323",737,
2020,37011,"Avery County, North Carolina","36,966",711,
2020,37013,"Beaufort County, North Carolina","40,649",782,
2020,37015,"Bertie County, North Carolina","36,406",700,
2020,37017,"Bladen County, North Carolina","40,296",775,
2020,37019,"Brunswick County, North Carolina","42,900",825,1310.3040228292268
2020,37021,"Buncombe County, North Carolina","48,282",928,1286.4513896122812
2020,37023,"Burke County, North Carolina","40,243",774,
2020,37025,"Cabarrus County, North Carolina","46,165",888,1271.060790732699
2020,37027,"Caldwell County, North Carolina","42,679",821,
2020,37029,"Camden County, North Carolina","41,109",791,
2020,37031,"Carteret County, North Carolina","38,368",738,
2020,37033,"Caswell County, North Carolina","39,611",762,
2020,37035,"Catawba County, North Carolina","46,630",897,
2020,37037,"Chatham County, North Carolina","41,958",807,
2020,37039,"Cherokee County, North Carolina","36,497",702,
2020,37041,"Chowan County, North Carolina","39,649",762,
2020,37043,"Clay County, North Carolina","35,235",678,
2020,37045,"Cleveland County, North Carolina","43,469",836,
2020,37047,"Columbus County, North Carolina","38,384",738,
2020,37049,"Craven County, North Carolina","47,706",917,
2020,37051,"Cumberland County, North Carolina","46,483",894,931.7330363119
2020,37053,"Currituck County, North Carolina","38,174",734,
2020,37055,"Dare County, North Carolina","38,233",735,
2020,37057,"Davidson County, North Carolina","43,676",840,987.8512366670052
2020,37059,"Davie County, North Carolina","41,668",801,
2020,37061,"Duplin County, North Carolina","39,226",754,
2020,37063,"Durham County, North Carolina","79,768","1,534",1259.6209411977209
2020,37065,"Edgecombe County, North Carolina","40,064",770,
2020,37067,"Forsyth County, North Carolina","55,574","1,069",1069.3442397337376
2020,37069,"Franklin County, North Carolina","47,344",910,
2020,37071,"Gaston County, North Carolina","44,008",846,1181.221851124362
2020,37073,"Gates County, North Carolina","40,759",784,
2020,37075,"Graham County, North Carolina","39,098",752,
2020,37077,"Granville County, North Carolina","48,731",937,
2020,37079,"Greene County, North Carolina","38,529",741,
2020,37081,"Guilford County, North Carolina","52,906","1,017",1006.8895300734001
2020,37083,"Halifax County, North Carolina","37,572",723,
2020,37085,"Harnett County, North Carolina","39,031",751,
2020,37087,"Haywood County, North Carolina","39,957",768,
2020,37089,"Henderson County, North Carolina","43,301",833,
2020,37091,"Hertford County, North Carolina","41,650",801,
2020,37093,"Hoke County, North Carolina","38,024",731,
2020,37095,"Hyde County, North Carolina","36,110",694,
2020,37097,"Iredell County, North Carolina","54,752","1,053",1274.6186145759266
2020,37099,"Jackson County, North Carolina","42,440",816,
2020,37101,"Johnston County, North Carolina","44,325",852,1340.3048723794584
2020,37103,"Jones County, North Carolina","37,485",721,
2020,37105,"Lee County, North Carolina","43,965",845,
2020,37107,"Lenoir County, North Carolina","42,214",812,
2020,37109,"Lincoln County, North Carolina","44,560",857,
2020,37111,"McDowell County, North Carolina","39,660",763,
2020,37113,"Macon County, North Carolina","37,826",727,
2020,37115,"Madison County, North Carolina","38,193",734,
2020,37117,"Martin County, North Carolina","34,168",657,
2020,37119,"Mecklenburg County, North Carolina","73,727","1,418",1324.2843509788581
2020,37121,"Mitchell County, North Carolina","40,644",782,
2020,37123,"Montgomery County, North Carolina","41,126",791,
2020,37125,"Moore County, North Carolina","44,994",865,1288.5738681162022
2020,37127,"Nash County, North Carolina","43,652",839,
2020,37129,"New Hanover County, North Carolina","51,913",998,1240.1481604479038
2020,37131,"Northampton County, North Carolina","41,206",792,
2020,37133,"Onslow County, North Carolina","39,231",754,995.6257301713991
2020,37135,"Orange County, North Carolina","64,430","1,239",1365.1676280206907
2020,37137,"Pamlico County, North Carolina","34,292",659,
2020,37139,"Pasquotank County, North Carolina","42,062",809,
2020,37141,"Pender County, North Carolina","38,790",746,
2020,37143,"Perquimans County, North Carolina","37,927",729,
2020,37145,"Person County, North Carolina","44,004",846,
2020,37147,"Pitt County, North Carolina","49,371",949,1047.0036896082568
2020,37149,"Polk County, North Carolina","35,874",690,
2020,37151,"Randolph County, North Carolina","40,106",771,
2020,37153,"Richmond County, North Carolina","38,202",735,
2020,37155,"Robeson County, North Carolina","38,266",736,
2020,37157,"Rockingham County, North Carolina","38,219",735,
2020,37159,"Rowan County, North Carolina","48,067",924,862.2386304830738
2020,37161,"Rutherford County, North Carolina","38,903",748,
2020,37163,"Sampson County, North Carolina","41,231",793,
2020,37165,"Scotland County, North Carolina","40,795",785,
2020,37167,"Stanly County, North Carolina","39,424",758,
2020,37169,"Stokes County, North Carolina","35,080",675,
2020,37171,"Surry County, North Carolina","40,347",776,
2020,37173,"Swain County, North Carolina","39,237",755,
2020,37175,"Transylvania County, North Carolina","38,869",747,
2020,37177,"Tyrrell County, North Carolina","35,100",675,
2020,37179,"Union County, North Carolina","48,426",931,1517.1129733643795
2020,37181,"Vance County, North Carolina","39,298",756,
2020,37183,"Wake County, North Carolina","65,054","1,251",1303.594022602975
2020,37185,"Warren County, North Carolina","35,984",692,
2020,37187,"Washington County, North Carolina","41,719",802,
2020,37189,"Watauga County, North Carolina","40,270",774,
2020,37191,"Wayne County, North Carolina","41,554",799,
2020,37193,"Wilkes County, North Carolina","39,966",769,
2020,37195,"Wilson County, North Carolina","47,459",913,
2020,37197,"Yadkin County, North Carolina","38,832",747,
2020,37199,"Yancey County, North Carolina","39,769",765,
2020,37999,"Unknown Or Undefined, North Carolina","93,578","1,800",
2021,37001,"Alamance County, North Carolina","48,729",937,1127.2914466308187
2021,37003,"Alexander County, North Carolina","39,557",761,
2021,37005,"Alleghany County, North Carolina","37,230",716,
2021,37007,"Anson County, North Carolina","40,416",777,
2021,37009,"Ashe County, North Carolina","39,171",753,
2021,37011,"Avery County, North Carolina","38,430",739,
2021,37013,"Beaufort County, North Carolina","41,865",805,
2021,37015,"Bertie County, North Carolina","38,457",740,
2021,37017,"Bladen County, North Carolina","40,601",781,
2021,37019,"Brunswick County, North Carolina","45,396",873,1477.3944721510832
2021,37021,"Buncombe County, North Carolina","50,435",970,1454.6926021400689
2021,37023,"Burke County, North Carolina","42,631",820,
2021,37025,"Cabarrus County, North Carolina","47,473",913,1418.5665652971336
2021,37027,"Caldwell County, North Carolina","45,780",880,
2021,37029,"Camden County, North Carolina","45,160",868,
2021,37031,"Carteret County, North Carolina","40,500",779,1426.3023589377642
2021,37033,"Caswell County, North Carolina","41,719",802,
2021,37035,"Catawba County, North Carolina","50,119",964,1267.423948344305
2021,37037,"Chatham County, North Carolina","44,288",852,
2021,37039,"Cherokee County, North Carolina","38,506",740,
2021,37041,"Chowan County, North Carolina","42,153",811,
2021,37043,"Clay County, North Carolina","39,139",753,
2021,37045,"Cleveland County, North Carolina","45,186",869,
2021,37047,"Columbus County, North Carolina","40,164",772,
2021,37049,"Craven County, North Carolina","49,116",945,1131.044830878648
2021,37051,"Cumberland County, North Carolina","48,642",935,1093.5938614725085
2021,37053,"Currituck County, North Carolina","39,639",762,
2021,37055,"Dare County, North Carolina","40,706",783,
2021,37057,"Davidson County, North Carolina","47,142",907,1061.1619878655783
2021,37059,"Davie County, North Carolina","45,426",874,
2021,37061,"Duplin County, North Carolina","41,175",792,
2021,37063,"Durham County, North Carolina","83,177","1,600",1380.9526533784003
2021,37065,"Edgecombe County, North Carolina","43,117",829,
2021,37067,"Forsyth County, North Carolina","59,196","1,138",1205.171321853399
2021,37069,"Franklin County, North Carolina","48,393",931,
2021,37071,"Gaston County, North Carolina","46,955",903,1331.1285143846324
2021,37073,"Gates County, North Carolina","40,506",779,
2021,37075,"Graham County, North Carolina","41,197",792,
2021,37077,"Granville County, North Carolina","50,299",967,
2021,37079,"Greene County, North Carolina","39,692",763,
2021,37081,"Guilford County, North Carolina","55,588","1,069",1115.0540544057935
2021,37083,"Halifax County, North Carolina","39,399",758,
2021,37085,"Harnett County, North Carolina","41,185",792,1451.3357260149965
2021,37087,"Haywood County, North Carolina","42,057",809,
2021,37089,"Henderson County, North Carolina","47,010",904,1652.3887929771986
2021,37091,"Hertford County, North Carolina","44,926",864,
2021,37093,"Hoke County, North Carolina","40,317",775,1420.3385951987668
2021,37095,"Hyde County, North Carolina","38,401",738,
2021,37097,"Iredell County, North Carolina","60,155","1,157",1451.6093378203489
2021,37099,"Jackson County, North Carolina","44,068",847,
2021,37101,"Johnston County, North Carolina","46,212",889,1491.5729462388117
2021,37103,"Jones County, North Carolina","39,949",768,
2021,37105,"Lee County, North Carolina","47,391",911,
2021,37107,"Lenoir County, North Carolina","44,440",855,
2021,37109,"Lincoln County, North Carolina","47,959",922,
2021,37111,"McDowell County, North Carolina","40,915",787,
2021,37113,"Macon County, North Carolina","40,647",782,
2021,37115,"Madison County, North Carolina","39,307",756,
2021,37117,"Martin County, North Carolina","35,320",679,
2021,37119,"Mecklenburg County, North Carolina","77,156","1,484",1465.6754538034982
2021,37121,"Mitchell County, North Carolina","41,289",794,
2021,37123,"Montgomery County, North Carolina","46,847",901,
2021,37125,"Moore County, North Carolina","47,914",921,1446.6114003693326
2021,37127,"Nash County, North Carolina","46,468",894,
2021,37129,"New Hanover County, North Carolina","55,676","1,071",1393.2691770355932
2021,37131,"Northampton County, North Carolina","42,442",816,
2021,37133,"Onslow County, North Carolina","40,679",782,1107.131007311225
2021,37135,"Orange County, North Carolina","68,297","1,313",1484.7963692326773
2021,37137,"Pamlico County, North Carolina","33,400",642,
2021,37139,"Pasquotank County, North Carolina","43,997",846,
2021,37141,"Pender County, North Carolina","40,449",778,
2021,37143,"Perquimans County, North Carolina","39,144",753,
2021,37145,"Person County, North Carolina","44,726",860,
2021,37147,"Pitt County, North Carolina","51,659",993,1142.191645797514
2021,37149,"Polk County, North Carolina","39,981",769,
2021,37151,"Randolph County, North Carolina","42,303",814,
2021,37153,"Richmond County, North Carolina","40,028",770,
2021,37155,"Robeson County, North Carolina","40,895",786,
2021,37157,"Rockingham County, North Carolina","41,101",790,
2021,37159,"Rowan County, North Carolina","50,990",981,982.8547336377061
2021,37161,"Rutherford County, North Carolina","41,089",790,
2021,37163,"Sampson County, North Carolina","43,047",828,
2021,37165,"Scotland County, North Carolina","42,851",824,
2021,37167,"Stanly County, North Carolina","41,231",793,
2021,37169,"Stokes County, North Carolina","36,304",698,
2021,37171,"Surry County, North Carolina","42,534",818,
2021,37173,"Swain County, North Carolina","43,228",831,
2021,37175,"Transylvania County, North Carolina","41,306",794,
2021,37177,"Tyrrell County, North Carolina","36,520",702,
2021,37179,"Union County, North Carolina","51,097",983,1688.7129778071592
2021,37181,"Vance County, North Carolina","41,685",802,
2021,37183,"Wake County, North Carolina","69,248","1,332",1439.7752918140307
2021,37185,"Warren County, North Carolina","36,712",706,
2021,37187,"Washington County, North Carolina","42,866",824,
2021,37189,"Watauga County, North Carolina","42,057",809,
2021,37191,"Wayne County, North Carolina","43,583",838,
2021,37193,"Wilkes County, North Carolina","42,215",812,
2021,37195,"Wilson County, North Carolina","48,769",938,
2021,37197,"Yadkin County, North Carolina","41,308",794,
2021,37199,"Yancey County, North Carolina","39,351",757,
2021,37999,"Unknown Or Undefined, North Carolina","99,213","1,908",
2022,37001,"Alamance County, North Carolina","50,787",977,1293.9612691975954
2022,37003,"Alexander County, North Carolina","42,721",822,
2022,37005,"Alleghany County, North Carolina","39,624",762,
2022,37007,"Anson County, North Carolina","43,503",837,
2022,37009,"Ashe County, North Carolina","41,839",805,
2022,37011,"Avery County, North Carolina","40,909",787,
2022,37013,"Beaufort County, North Carolina","45,401",873,
2022,37015,"Bertie County, North Carolina","41,207",792,
2022,37017,"Bladen County, North Carolina","44,770",861,
2022,37019,"Brunswick County, North Carolina","48,181",927,1692.3808540380123
2022,37021,"Buncombe County, North Carolina","53,483","1,029",1684.6092246656942
2022,37023,"Burke County, North Carolina","44,974",865,
2022,37025,"Cabarrus County, North Carolina","50,703",975,1592.3495821497381
2022,37027,"Caldwell County, North Carolina","48,947",941,
2022,37029,"Camden County, North Carolina","48,368",930,
2022,37031,"Carteret County, North Carolina","42,395",815,1476.7328497027875
2022,37033,"Caswell County, North Carolina","43,947",845,
2022,37035,"Catawba County, North Carolina","53,368","1,026",1362.8063169367956
2022,37037,"Chatham County, North Carolina","47,949",922,1506.1645465342278
2022,37039,"Cherokee County, North Carolina","41,346",795,
2022,37041,"Chowan County, North Carolina","45,692",879,
2022,37043,"Clay County, North Carolina","42,395",815,
2022,37045,"Cleveland County, North Carolina","48,714",937,
2022,37047,"Columbus County, North Carolina","41,169",792,
2022,37049,"Craven County, North Carolina","51,328",987,1266.2231982506273
2022,37051,"Cumberland County, North Carolina","50,670",974,1251.853242341294
2022,37053,"Currituck County, North Carolina","41,943",807,
2022,37055,"Dare County, North Carolina","43,263",832,
2022,37057,"Davidson County, North Carolina","50,068",963,1186.4468869932728
2022,37059,"Davie County, North Carolina","48,129",926,
2022,37061,"Duplin County, North Carolina","44,485",855,
2022,37063,"Durham County, North Carolina","86,327","1,660",1561.423886633512
2022,37065,"Edgecombe County, North Carolina","43,898",844,
2022,37067,"Forsyth County, North Carolina","62,550","1,203",1356.7381830401637
2022,37069,"Franklin County, North Carolina","50,571",973,1691.1133832175558
2022,37071,"Gaston County, North Carolina","49,839",958,1483.6521916659233
2022,37073,"Gates County, North Carolina","44,277",851,
2022,37075,"Graham County, North Carolina","43,951",845,
2022,37077,"Granville County, North Carolina","53,368","1,026",
2022,37079,"Greene County, North Carolina","43,514",837,
2022,37081,"Guilford County, North Carolina","57,826","1,112",1269.002301476066
2022,37083,"Halifax County, North Carolina","42,276",813,
2022,37085,"Harnett County, North Carolina","43,225",831,1615.483217578394
2022,37087,"Haywood County, North Carolina","45,190",869,
2022,37089,"Henderson County, North Carolina","50,764",976,1840.417938998352
2022,37091,"Hertford County, North Carolina","45,072",867,
2022,37093,"Hoke County, North Carolina","44,186",850,1514.5673183878064
2022,37095,"Hyde County, North Carolina","39,445",759,
2022,37097,"Iredell County, North Carolina","62,054","1,193",1602.6348872552771
2022,37099,"Jackson County, North Carolina","45,466",874,
2022,37101,"Johnston County, North Carolina","49,398",950,1653.9404805392585
2022,37103,"Jones County, North Carolina","44,703",860,
2022,37105,"Lee County, North Carolina","50,408",969,
2022,37107,"Lenoir County, North Carolina","47,556",915,
2022,37109,"Lincoln County, North Carolina","51,387",988,1423.5245697298014
2022,37111,"McDowell County, North Carolina","44,175",850,
2022,37113,"Macon County, North Carolina","43,775",842,
2022,37115,"Madison County, North Carolina","42,091",809,
2022,37117,"Martin County, North Carolina","36,292",698,
2022,37119,"Mecklenburg County, North Carolina","82,165","1,580",1668.213131004051
2022,37121,"Mitchell County, North Carolina","45,069",867,
2022,37123,"Montgomery County, North Carolina","47,317",910,
2022,37125,"Moore County, North Carolina","50,505",971,1631.2814773203793
2022,37127,"Nash County, North Carolina","49,876",959,1057.8971175504453
2022,37129,"New Hanover County, North Carolina","57,283","1,102",1644.6384639564606
2022,37131,"Northampton County, North Carolina","45,935",883,
2022,37133,"Onslow County, North Carolina","42,832",824,1306.3727909346585
2022,37135,"Orange County, North Carolina","71,390","1,373",1686.9626542575345
2022,37137,"Pamlico County, North Carolina","34,833",670,
2022,37139,"Pasquotank County, North Carolina","46,193",888,1273.4830750760439
2022,37141,"Pender County, North Carolina","43,670",840,1769.1027077230817
2022,37143,"Perquimans County, North Carolina","41,212",793,
2022,37145,"Person County, North Carolina","47,411",912,
2022,37147,"Pitt County, North Carolina","53,868","1,036",1290.1863223203402
2022,37149,"Polk County, North Carolina","42,143",810,
2022,37151,"Randolph County, North Carolina","44,690",859,941.3282599229872
2022,37153,"Richmond County, North Carolina","42,844",824,
2022,37155,"Robeson County, North Carolina","43,436",835,
2022,37157,"Rockingham County, North Carolina","43,974",846,
2022,37159,"Rowan County, North Carolina","52,170","1,003",1099.4635576965318
2022,37161,"Rutherford County, North Carolina","43,756",841,
2022,37163,"Sampson County, North Carolina","46,251",889,
2022,37165,"Scotland County, North Carolina","45,383",873,
2022,37167,"Stanly County, North Carolina","44,678",859,
2022,37169,"Stokes County, North Carolina","38,111",733,
2022,37171,"Surry County, North Carolina","45,556",876,
2022,37173,"Swain County, North Carolina","45,806",881,
2022,37175,"Transylvania County, North Carolina","44,667",859,
2022,37177,"Tyrrell County, North Carolina","39,848",766,
2022,37179,"Union County, North Carolina","55,700","1,071",1859.7334611288
2022,37181,"Vance County, North Carolina","44,199",850,
2022,37183,"Wake County, North Carolina","72,142","1,387",1634.9041974665245
2022,37185,"Warren County, North Carolina","38,036",731,
2022,37187,"Washington County, North Carolina","45,203",869,
2022,37189,"Watauga County, North Carolina","44,571",857,
2022,37191,"Wayne County, North Carolina","45,794",881,
2022,37193,"Wilkes County, North Carolina","45,149",868,
2022,37195,"Wilson County, North Carolina","51,027",981,
2022,37197,"Yadkin County, North Carolina","43,372",834,
2022,37199,"Yancey County, North Carolina","41,877",805,
2022,37999,"Unknown Or Undefined, North Carolina","105,059","2,020",
2023,37001,"Alamance County, North Carolina",50964,980,1369.4314033379742
2023,37003,"Alexander County, North Carolina",43756,841,
2023,37005,"Alleghany County, North Carolina",40486,779,
2023,37007,"Anson County, North Carolina",44617,858,
2023,37009,"Ashe County, North Carolina",44817,862,
2023,37011,"Avery County, North Carolina",42053,809,
2023,37013,"Beaufort County, North Carolina",47026,904,
2023,37015,"Bertie County, North Carolina",42216,812,
2023,37017,"Bladen County, North Carolina",46510,894,
2023,37019,"Brunswick County, North Carolina",49549,953,1780.489288209721
2023,37021,"Buncombe County, North Carolina",56015,1077,1764.8128020693373
2023,37023,"Burke County, North Carolina",46200,888,
2023,37025,"Cabarrus County, North Carolina",52461,1009,1660.7188225359841
2023,37027,"Caldwell County, North Carolina",48842,939,
2023,37029,"Camden County, North Carolina",48552,934,
2023,37031,"Carteret County, North Carolina",44008,846,1619.7236955022972
2023,37033,"Caswell County, North Carolina",45229,870,
2023,37035,"Catawba County, North Carolina",54410,1046,1413.8782883623187
2023,37037,"Chatham County, North Carolina",49837,958,1623.189551965536
2023,37039,"Cherokee County, North Carolina",43316,833,
2023,37041,"Chowan County, North Carolina",47051,905,
2023,37043,"Clay County, North Carolina",46024,885,
2023,37045,"Cleveland County, North Carolina",50918,979,1131.9764439957764
2023,37047,"Columbus County, North Carolina",45604,877,
2023,37049,"Craven County, North Carolina",53136,1022,1336.6576223042432
2023,37051,"Cumberland County, North Carolina",53073,1021,1321.865081138097
2023,37053,"Currituck County, North Carolina",43750,841,
2023,37055,"Dare County, North Carolina",44791,861,
2023,37057,"Davidson County, North Carolina",51717,995,1270.3155085320652
2023,37059,"Davie County, North Carolina",49946,960,
2023,37061,"Duplin County, North Carolina",46149,887,
2023,37063,"Durham County, North Carolina",91850,1766,1607.7640155177367
2023,37065,"Edgecombe County, North Carolina",46165,888,920.6327037706349
2023,37067,"Forsyth County, North Carolina",63528,1222,1427.7557210208188
2023,37069,"Franklin County, North Carolina",53495,1029,1759.9420516910016
2023,37071,"Gaston County, North Carolina",51755,995,1563.7728789035118
2023,37073,"Gates County, North Carolina",43465,836,
2023,37075,"Graham County, North Carolina",45968,884,
2023,37077,"Granville County, North Carolina",56042,1078,
2023,37079,"Greene County, North Carolina",44193,850,
2023,37081,"Guilford County, North Carolina",59124,1137,1342.4557196942367
2023,37083,"Halifax County, North Carolina",43882,844,
2023,37085,"Harnett County, North Carolina",44705,860,1705.1780719699102
2023,37087,"Haywood County, North Carolina",46902,902,
2023,37089,"Henderson County, North Carolina",52534,1010,1953.8961499127618
2023,37091,"Hertford County, North Carolina",47559,915,
2023,37093,"Hoke County, North Carolina",43866,844,1587.064607967315
2023,37095,"Hyde County, North Carolina",40589,781,
2023,37097,"Iredell County, North Carolina",62363,1199,1664.9506413184863
2023,37099,"Jackson County, North Carolina",46625,897,
2023,37101,"Johnston County, North Carolina",52399,1008,1713.6051398681022
2023,37103,"Jones County, North Carolina",46092,886,
2023,37105,"Lee County, North Carolina",52238,1005,1631.0222217549588
2023,37107,"Lenoir County, North Carolina",48432,931,
2023,37109,"Lincoln County, North Carolina",52981,1019,1514.248075488348
2023,37111,"McDowell County, North Carolina",44971,865,
2023,37113,"Macon County, North Carolina",45705,879,
2023,37115,"Madison County, North Carolina",42822,824,
2023,37117,"Martin County, North Carolina",37819,727,
2023,37119,"Mecklenburg County, North Carolina",84832,1631,1727.785254077571
2023,37121,"Mitchell County, North Carolina",47805,919,
2023,37123,"Montgomery County, North Carolina",47618,916,
2023,37125,"Moore County, North Carolina",51965,999,1721.658213596109
2023,37127,"Nash County, North Carolina",51403,989,1160.4225416102583
2023,37129,"New Hanover County, North Carolina",58889,1132,1686.0286358422618
2023,37131,"Northampton County, North Carolina",47450,913,
2023,37133,"Onslow County, North Carolina",44578,857,1369.3289312743916
2023,37135,"Orange County, North Carolina",74995,1442,1752.4390789673946
2023,37137,"Pamlico County, North Carolina",35844,689,
2023,37139,"Pasquotank County, North Carolina",47877,921,1334.1550366641936
2023,37141,"Pender County, North Carolina",45189,869,1879.1790245404563
2023,37143,"Perquimans County, North Carolina",42679,821,
2023,37145,"Person County, North Carolina",48259,928,
2023,37147,"Pitt County, North Carolina",56508,1087,1394.585924956559
2023,37149,"Polk County, North Carolina",43265,832,
2023,37151,"Randolph County, North Carolina",46774,900,973.1445177846371
2023,37153,"Richmond County, North Carolina",43900,844,
2023,37155,"Robeson County, North Carolina",44399,854,
2023,37157,"Rockingham County, North Carolina",44433,854,
2023,37159,"Rowan County, North Carolina",55177,1061,1184.558009066136
2023,37161,"Rutherford County, North Carolina",45395,873,
2023,37163,"Sampson County, North Carolina",47442,912,
2023,37165,"Scotland County, North Carolina",47440,912,
2023,37167,"Stanly County, North Carolina",44401,854,
2023,37169,"Stokes County, North Carolina",38749,745,
2023,37171,"Surry County, North Carolina",47430,912,
2023,37173,"Swain County, North Carolina",46729,899,
2023,37175,"Transylvania County, North Carolina",46947,903,
2023,37177,"Tyrrell County, North Carolina",42995,827,
2023,37179,"Union County, North Carolina",58755,1130,1967.7444354177596
2023,37181,"Vance County, North Carolina",45365,872,
2023,37183,"Wake County, North Carolina",74085,1425,1676.0487458553887
2023,37185,"Warren County, North Carolina",38725,745,
2023,37187,"Washington County, North Carolina",46837,901,
2023,37189,"Watauga County, North Carolina",45852,882,
2023,37191,"Wayne County, North Carolina",47117,906,1213.8920323414939
2023,37193,"Wilkes County, North Carolina",45570,876,
2023,37195,"Wilson County, North Carolina",52947,1018,1088.2389074545733
2023,37197,"Yadkin County, North Carolina",44508,856,
2023,37199,"Yancey County, North Carolina",44276,851,
2023,37999,"Unknown Or Undefined, North Carolina",109408,2104,
2024,37001,"Alamance County, North Carolina","52,502","1,010",1445.5277042202758
2024,37003,"Alexander County, North Carolina","46,164",888,
2024,37005,"Alleghany County, North Carolina","42,104",810,
2024,37007,"Anson County, North Carolina","47,962",922,
2024,37009,"Ashe County, North Carolina","48,252",928,
2024,37011,"Avery County, North Carolina","44,456",855,
2024,37013,"Beaufort County, North Carolina","50,313",968,
2024,37015,"Bertie County, North Carolina","44,841",862,
2024,37017,"Bladen County, North Carolina","48,430",931,
2024,37019,"Brunswick County, North Carolina","51,701",994,1827.006718513819
2024,37021,"Buncombe County, North Carolina","58,785","1,130",1818.5912658019663
2024,37023,"Burke County, North Carolina","48,986",942,
2024,37025,"Cabarrus County, North Carolina","56,529","1,087",1706.1261902954564
2024,37027,"Caldwell County, North Carolina","50,605",973,
2024,37029,"Camden County, North Carolina","49,743",957,
2024,37031,"Carteret County, North Carolina","45,708",879,1722.4777406277099
2024,37033,"Caswell County, North Carolina","48,611",935,
2024,37035,"Catawba County, North Carolina","55,761","1,072",1440.8572546567402
2024,37037,"Chatham County, North Carolina","51,876",998,1663.1332916347817
2024,37039,"Cherokee County, North Carolina","45,626",877,
2024,37041,"Chowan County, North Carolina","49,249",947,
2024,37043,"Clay County, North Carolina","46,931",903,
2024,37045,"Cleveland County, North Carolina","53,753","1,034",1177.2040887174574
2024,37047,"Columbus County, North Carolina","47,896",921,
2024,37049,"Craven County, North Carolina","55,634","1,070",1402.5941884332958
2024,37051,"Cumberland County, North Carolina","55,785","1,073",1364.54986949909
2024,37053,"Currituck County, North Carolina","45,407",873,
2024,37055,"Dare County, North Carolina","46,480",894,
2024,37057,"Davidson County, North Carolina","54,593","1,050",1347.1281315660008
2024,37059,"Davie County, North Carolina","51,139",983,
2024,37061,"Duplin County, North Carolina","45,993",884,
2024,37063,"Durham County, North Carolina","98,601","1,896",1620.3965247650065
2024,37065,"Edgecombe County, North Carolina","48,402",931,980.7635673813134
2024,37067,"Forsyth County, North Carolina","66,257","1,274",1491.5495249596586
2024,37069,"Franklin County, North Carolina","57,174","1,100",1838.4523725320307
2024,37071,"Gaston County, North Carolina","54,211","1,043",1623.4135110993145
2024,37073,"Gates County, North Carolina","44,429",854,
2024,37075,"Graham County, North Carolina","48,748",937,
2024,37077,"Granville County, North Carolina","59,314","1,141",
2024,37079,"Greene County, North Carolina","48,291",929,
2024,37081,"Guilford County, North Carolina","61,546","1,184",1401.2969625118578
2024,37083,"Halifax County, North Carolina","47,039",905,
2024,37085,"Harnett County, North Carolina","46,955",903,1780.6833604829535
2024,37087,"Haywood County, North Carolina","46,227",889,1523.1659705256259
2024,37089,"Henderson County, North Carolina","54,106","1,041",2055.7545374961633
2024,37091,"Hertford County, North Carolina","48,251",928,
2024,37093,"Hoke County, North Carolina","46,891",902,1663.4066286589768
2024,37095,"Hyde County, North Carolina","42,753",822,
2024,37097,"Iredell County, North Carolina","63,307","1,217",1699.939173262556
2024,37099,"Jackson County, North Carolina","48,540",933,1473.2276226989377
2024,37101,"Johnston County, North Carolina","55,305","1,064",1766.617128647167
2024,37103,"Jones County, North Carolina","48,166",926,
2024,37105,"Lee County, North Carolina","58,075","1,117",1720.2451062579532
2024,37107,"Lenoir County, North Carolina","50,091",963,
2024,37109,"Lincoln County, North Carolina","55,677","1,071",1581.4779052766046
2024,37111,"McDowell County, North Carolina","47,365",911,
2024,37113,"Macon County, North Carolina","46,461",893,
2024,37115,"Madison County, North Carolina","47,583",915,
2024,37117,"Martin County, North Carolina","38,562",742,
2024,37119,"Mecklenburg County, North Carolina","88,111","1,694",1736.7805784109062
2024,37121,"Mitchell County, North Carolina","48,859",940,
2024,37123,"Montgomery County, North Carolina","48,929",941,
2024,37125,"Moore County, North Carolina","54,059","1,040",1770.242730320397
2024,37127,"Nash County, North Carolina","54,440","1,047",1233.7336845129937
2024,37129,"New Hanover County, North Carolina","61,611","1,185",1694.8813387882858
2024,37131,"Northampton County, North Carolina","49,460",951,
2024,37133,"Onslow County, North Carolina","46,885",902,1416.7227830760964
2024,37135,"Orange County, North Carolina","79,229","1,524",1783.904961860522
2024,37137,"Pamlico County, North Carolina","37,034",712,
2024,37139,"Pasquotank County, North Carolina","50,275",967,1424.3144805126276
2024,37141,"Pender County, North Carolina","47,159",907,1905.4998333267104
2024,37143,"Perquimans County, North Carolina","44,891",863,
2024,37145,"Person County, North Carolina","50,063",963,
2024,37147,"Pitt County, North Carolina","59,866","1,151",1463.46954829882
2024,37149,"Polk County, North Carolina","46,331",891,
2024,37151,"Randolph County, North Carolina","51,663",994,1057.6115046851446
2024,37153,"Richmond County, North Carolina","46,814",900,
2024,37155,"Robeson County, North Carolina","45,957",884,863.8723315820548
2024,37157,"Rockingham County, North Carolina","45,428",874,
2024,37159,"Rowan County, North Carolina","57,503","1,106",1240.8660267689284
2024,37161,"Rutherford County, North Carolina","48,125",925,
2024,37163,"Sampson County, North Carolina","49,873",959,
2024,37165,"Scotland County, North Carolina","50,042",962,
2024,37167,"Stanly County, North Carolina","44,697",860,1290.464980054155
2024,37169,"Stokes County, North Carolina","41,766",803,
2024,37171,"Surry County, North Carolina","49,330",949,
2024,37173,"Swain County, North Carolina","46,512",894,
2024,37175,"Transylvania County, North Carolina","49,543",953,
2024,37177,"Tyrrell County, North Carolina","44,054",847,
2024,37179,"Union County, North Carolina","61,500","1,183",2027.3484948336118
2024,37181,"Vance County, North Carolina","47,261",909,
2024,37183,"Wake County, North Carolina","76,807","1,477",1673.5395616487376
2024,37185,"Warren County, North Carolina","42,054",809,
2024,37187,"Washington County, North Carolina","49,932",960,
2024,37189,"Watauga County, North Carolina","48,024",924,
2024,37191,"Wayne County, North Carolina","49,087",944,1285.5843245481014
2024,37193,"Wilkes County, North Carolina","48,003",923,
2024,37195,"Wilson County, North Carolina","54,643","1,051",1155.5275149618915
2024,37197,"Yadkin County, North Carolina","45,124",868,
2024,37199,"Yancey County, North Carolina","47,951",922,
2024,37999,"Unknown Or Undefined, North Carolina","113,995","2,192",